{"categories":[{"id":"878253d5-700f-40bc-a79d-261d0cf77f0d","name":"Gray Scale","type":"color","index":0},{"id":"238239D1-74D8-4373-B84B-A339C3A3DC28","name":"Viz Colors (Qualitative)","type":"color","index":1},{"id":"39b78ba3-64c9-4b9c-ba2a-9651836d5aa0","name":"Diverging Colors (1,7)","type":"color","index":2},{"id":"2b1b6eb7-9c6a-44e9-94a9-382f90a5bb3b","name":"Diverging Colors (2,7)","type":"color","index":3},{"id":"41e2cc99-d7de-44ea-b1fd-8b3cbc99010c","name":"Diverging Colors (3,7)","type":"color","index":4},{"id":"9ee9f086-dd18-4f47-906e-d5b55bfb5c52","name":"Sequential (1,7)","type":"color","index":5},{"id":"f7861c06-a200-42dc-a767-4cb5d55d13cc","name":"Sequential (2,7)","type":"color","index":6},{"id":"6bd5758c-0f96-49c5-8f7b-c9786617c72b","name":"Sequential (3,7)","type":"color","index":7},{"id":"ce95d230-de8c-455d-ae9b-544c7a283341","name":"Swiss Parties ","type":"color","index":8},{"id":"FDD352A9-16CF-406B-8990-935993D3C4FF","name":"Text Styles","type":"textstyle","index":9}],"name":"storytelling-colors-2018","groups":[{"id":"17391306-008e-41e2-ab3d-a7647434f950","parentId":"238239D1-74D8-4373-B84B-A339C3A3DC28","type":"color","name":"viz one","index":0},{"id":"a536d45f-b10b-494d-bf81-01979234013b","parentId":"238239D1-74D8-4373-B84B-A339C3A3DC28","type":"color","name":"viz two","index":1},{"id":"a7cdd6d8-8f93-45cf-ae3f-d4a90191c626","parentId":"238239D1-74D8-4373-B84B-A339C3A3DC28","type":"color","name":"viz three","index":2},{"id":"17d18cbf-e267-42ef-a982-2817d7ebab13","parentId":"238239D1-74D8-4373-B84B-A339C3A3DC28","type":"color","name":"viz four ","index":3},{"id":"db933fc8-1e95-4bcb-af85-b495365fe22c","parentId":"238239D1-74D8-4373-B84B-A339C3A3DC28","type":"color","name":"viz five","index":4},{"id":"69277dd1-f45e-400c-bd2c-94718c7bb660","parentId":"238239D1-74D8-4373-B84B-A339C3A3DC28","type":"color","name":"viz six","index":5},{"id":"20832fa9-98a6-4e9d-a9b1-2fd00b41ddb4","parentId":"238239D1-74D8-4373-B84B-A339C3A3DC28","type":"color","name":"viz seven","index":6},{"id":"a50d9bff-2cc4-434d-a218-2c53d5346c86","parentId":"238239D1-74D8-4373-B84B-A339C3A3DC28","type":"color","name":"viz eight","index":7},{"id":"b2961a77-d703-4655-ad1c-411cd3218373","parentId":"238239D1-74D8-4373-B84B-A339C3A3DC28","type":"color","name":"viz nine","index":8},{"id":"0adce14b-327c-428b-aaf3-e2982407f944","parentId":"238239D1-74D8-4373-B84B-A339C3A3DC28","type":"color","name":"viz ten","index":9},{"id":"81f3d944-9db4-4bb4-90f4-81c29e4a40b2","parentId":"238239D1-74D8-4373-B84B-A339C3A3DC28","type":"color","name":"viz eleven","index":10},{"id":"29a4ea9c-6d28-48b5-82d9-e158dc27f2df","parentId":"238239D1-74D8-4373-B84B-A339C3A3DC28","type":"color","name":"viz twelve","index":11}],"version":2}